behave_num3;con_num7;con_num8;con_num13;con_num_cat0;con_num1;con_num12;con_num4;con_num6;con_num9;behave_num2
behave_num1;behave_num3;con_num13;con_num_cat0;con_num8;con_num0;con_num4;con_num11;con_num7;con_num12;con_num6;behave_num4
behave_num2;con_num_cat4;con_num5
con_num6;con_num9;con_num13;con_num11
behave_num3;behave_num4;con_num13;con_num9;con_num_cat0;con_num8;con_num1;con_num0;con_num12;con_num11;con_num5
con_num_cat5
behave_num1;behave_num2;behave_num3;con_num_cat0;con_num8;con_num12;con_num1
behave_num3;con_num9;con_num11;con_num0;con_num8;con_num2;con_num_cat0;con_num1;con_num13;con_num12;con_num6
con_num_cat3;con_num10
behave_num2;con_num7;con_num8;con_num3;con_num1;con_num4;con_num13;con_num0
behave_num2;con_num6;con_num7;con_num1;con_num5
behave_num0;con_num0;con_num_cat4;behave_num2;con_num9
behave_num1;behave_num2;con_num6
con_num_cat5;behave_num1;behave_num4;con_num5;con_num4;con_num6;behave_num0
con_num_cat3
con_num_cat4
con_num_cat3
con_num_cat2
con_num_cat1
con_num_cat2
behave_num2;behave_num4;con_num_cat0;con_num11;con_num10;con_num7
behave_num2;behave_num4;con_num_cat0;con_num1;con_num5;con_num13;con_num2;con_num6
behave_num0;behave_num1;behave_num4;con_num_cat0;con_num1
con_num_cat5;behave_num0;behave_num1;behave_num4;con_num8;con_num6;con_num1
behave_num0;behave_num1;behave_num2;con_num_cat0;con_num7;con_num9
